{"cameraMode":{"drawMode":0,"name":"Shaded","section":"Shading Mode"},"sceneLighting":false,"audioPlay":false,"sceneViewState":{"m_AlwaysRefresh":false,"showFog":true,"showSkybox":false,"showFlares":true,"showImageEffects":true,"showParticleSystems":true,"showVisualEffectGraphs":true,"m_FxEnabled":true},"in2DMode":false,"pivot":{"x":-0.12389425188302994,"y":1.7893980741500855,"z":-35.497535705566409},"rotation":{"x":0.008520032279193402,"y":0.9900330901145935,"z":-0.06872812658548355,"w":0.12269277125597},"size":22.08478546142578,"orthographic":false}