{"cameraMode":{"drawMode":0,"name":"Shaded","section":"Shading Mode"},"sceneLighting":false,"audioPlay":false,"sceneViewState":{"m_AlwaysRefresh":false,"showFog":true,"showSkybox":false,"showFlares":true,"showImageEffects":true,"showParticleSystems":true,"showVisualEffectGraphs":true,"m_FxEnabled":true},"in2DMode":false,"pivot":{"x":1.3641211986541749,"y":14.819536209106446,"z":17.245975494384767},"rotation":{"x":-0.03334393724799156,"y":0.9593942761421204,"z":-0.2488708198070526,"w":-0.12855391204357148},"size":22.08478546142578,"orthographic":false}